email,display_name,role,depot_id,outlet_id
dispatcher@waypoint.lk,Dinesh Wickramasinghe,DISPATCHER,"",""
loader.kandy@waypoint.lk,Sisira Kumara,LOADER,Kandy,""
loader@waypoint.lk,Kavinda Rathnayake,LOADER,Peliyagoda,""
driver.chamara@waypoint.lk,Chamara Silva,DRIVER,Peliyagoda,""
driver.chathura@waypoint.lk,Chathura Senanayake,DRIVER,Peliyagoda,""
driver.dhammika@waypoint.lk,Dhammika Prasad,DRIVER,Peliyagoda,""
driver.gamini@waypoint.lk,Gamini Silva,DRIVER,Peliyagoda,""
driver.indika@waypoint.lk,Indika Fernando,DRIVER,Peliyagoda,""
driver.kamal@waypoint.lk,Kamal Bandara,DRIVER,Peliyagoda,""
driver.kandy10@waypoint.lk,Rohan Kaluwitharana,DRIVER,Kandy,""
driver.kandy1@waypoint.lk,Kithsiri Bandara,DRIVER,Kandy,""
driver.kandy2@waypoint.lk,Anura Herath,DRIVER,Kandy,""
driver.kandy3@waypoint.lk,Bandula Jayawardena,DRIVER,Kandy,""
driver.kandy4@waypoint.lk,Sarath Weerasinghe,DRIVER,Kandy,""
driver.kandy5@waypoint.lk,Chaminda Vaas,DRIVER,Kandy,""
driver.kandy6@waypoint.lk,Tishan Gunawardena,DRIVER,Kandy,""
driver.kandy7@waypoint.lk,Asanka Gurusinha,DRIVER,Kandy,""
driver.kandy8@waypoint.lk,Chandika Hathurusingha,DRIVER,Kandy,""
driver.kandy9@waypoint.lk,Pradeep Nishantha,DRIVER,Kandy,""
driver.kasun@waypoint.lk,Kasun Wijesinghe,DRIVER,Peliyagoda,""
driver.lahiru@waypoint.lk,Lahiru Thirimanne,DRIVER,Peliyagoda,""
driver.lasantha@waypoint.lk,Lasantha Perera,DRIVER,Peliyagoda,""
driver.mahesh@waypoint.lk,Mahesh Mendis,DRIVER,Peliyagoda,""
driver.manoj@waypoint.lk,Manoj De Silva,DRIVER,Peliyagoda,""
driver.nimal@waypoint.lk,Nimal Jayasuriya,DRIVER,Peliyagoda,""
driver.nuwan@waypoint.lk,Nuwan Pradeep,DRIVER,Peliyagoda,""
driver.priyantha@waypoint.lk,Priyantha Kumara,DRIVER,Peliyagoda,""
driver.roshan@waypoint.lk,Roshan Ranasinghe,DRIVER,Peliyagoda,""
driver.ruwan@waypoint.lk,Ruwan Dissanayake,DRIVER,Peliyagoda,""
driver.sanjeewa@waypoint.lk,Sanjeewa Pushpakumara,DRIVER,Peliyagoda,""
driver.thilina@waypoint.lk,Thilina Kandamby,DRIVER,Peliyagoda,""
driver.upul@waypoint.lk,Upul Perera,DRIVER,Peliyagoda,""
driver@waypoint.lk,Sunil Fernando,DRIVER,Peliyagoda,""
manager.out001@waypoint.lk,Anoma Jayawardena,STORE_MANAGER,"",OUT001
manager.out002@waypoint.lk,Rohan Perera,STORE_MANAGER,"",OUT002
manager.out003@waypoint.lk,Malik Samarawickrama,STORE_MANAGER,"",OUT003
manager.out004@waypoint.lk,Sujatha Alwis,STORE_MANAGER,"",OUT004
manager.out005@waypoint.lk,Chandani Wickramasinghe,STORE_MANAGER,"",OUT005
manager.out006@waypoint.lk,Dinesh Gunawardena,STORE_MANAGER,"",OUT006
manager.out007@waypoint.lk,Nalaka Jayasuriya,STORE_MANAGER,"",OUT007
manager.out008@waypoint.lk,Kasun Madushanka,STORE_MANAGER,"",OUT008
manager.out009@waypoint.lk,Priyani Senaratne,STORE_MANAGER,"",OUT009
manager.out010@waypoint.lk,Ruwan Silva,STORE_MANAGER,"",OUT010
manager.out011@waypoint.lk,Champa Kumari,STORE_MANAGER,"",OUT011
manager.out012@waypoint.lk,Indika Jayasinghe,STORE_MANAGER,"",OUT012
manager.out013@waypoint.lk,Deepika Ratnayake,STORE_MANAGER,"",OUT013
manager.out014@waypoint.lk,Lasith Malinga,STORE_MANAGER,"",OUT014
manager.out015@waypoint.lk,Sanath Jayasuriya,STORE_MANAGER,"",OUT015
manager.out016@waypoint.lk,Chamari Athapaththu,STORE_MANAGER,"",OUT016
manager.out017@waypoint.lk,Arjuna Ranatunga,STORE_MANAGER,"",OUT017
manager.out018@waypoint.lk,Aravinda de Silva,STORE_MANAGER,"",OUT018
manager.out019@waypoint.lk,Marvan Atapattu,STORE_MANAGER,"",OUT019
manager.out020@waypoint.lk,Mahela Jayawardene,STORE_MANAGER,"",OUT020
manager.out021@waypoint.lk,Kumar Sangakkara,STORE_MANAGER,"",OUT021
manager.out022@waypoint.lk,Nuwan Kulasekara,STORE_MANAGER,"",OUT022
manager.out023@waypoint.lk,Farveez Maharoof,STORE_MANAGER,"",OUT023
manager.out024@waypoint.lk,Rangana Herath,STORE_MANAGER,"",OUT024
manager.out025@waypoint.lk,Tillakaratne Dilshan,STORE_MANAGER,"",OUT025
manager.out026@waypoint.lk,Upul Tharanga,STORE_MANAGER,"",OUT026
manager.out027@waypoint.lk,Muttiah Muralitharan,STORE_MANAGER,"",OUT027
manager.out028@waypoint.lk,Chaminda Vaas,STORE_MANAGER,"",OUT028
manager.out029@waypoint.lk,Angelo Mathews,STORE_MANAGER,"",OUT029
manager.out030@waypoint.lk,Dimuth Karunaratne,STORE_MANAGER,"",OUT030
manager.out031@waypoint.lk,Kusal Perera,STORE_MANAGER,"",OUT031
manager.out032@waypoint.lk,Dhananjaya de Silva,STORE_MANAGER,"",OUT032
manager.out033@waypoint.lk,Wanindu Hasaranga,STORE_MANAGER,"",OUT033
manager.out034@waypoint.lk,Dasun Shanaka,STORE_MANAGER,"",OUT034
manager.out035@waypoint.lk,Charith Asalanka,STORE_MANAGER,"",OUT035
manager.out036@waypoint.lk,Pathum Nissanka,STORE_MANAGER,"",OUT036
manager.out037@waypoint.lk,Sadeera Samarawickrama,STORE_MANAGER,"",OUT037
manager.out038@waypoint.lk,Kasun Rajitha,STORE_MANAGER,"",OUT038
manager.out039@waypoint.lk,Lahiru Kumara,STORE_MANAGER,"",OUT039
manager.out040@waypoint.lk,Dilshan Madushanka,STORE_MANAGER,"",OUT040
manager.out041@waypoint.lk,Pramod Madushan,STORE_MANAGER,"",OUT041
manager.out042@waypoint.lk,Dunith Wellalage,STORE_MANAGER,"",OUT042
manager.out043@waypoint.lk,Matheesha Pathirana,STORE_MANAGER,"",OUT043
manager.out044@waypoint.lk,Maheesh Theekshana,STORE_MANAGER,"",OUT044
manager.out045@waypoint.lk,Dushmantha Chameera,STORE_MANAGER,"",OUT045
manager.out046@waypoint.lk,Binura Fernando,STORE_MANAGER,"",OUT046
manager.out047@waypoint.lk,Nuwan Pradeep,STORE_MANAGER,"",OUT047
manager.out048@waypoint.lk,Jeffrey Vandersay,STORE_MANAGER,"",OUT048
manager.out049@waypoint.lk,Asitha Fernando,STORE_MANAGER,"",OUT049
manager.out050@waypoint.lk,Milan Rathnayake,STORE_MANAGER,"",OUT050
manager.out051@waypoint.lk,Niroshan Dickwella,STORE_MANAGER,"",OUT051
manager.out052@waypoint.lk,Danushka Gunathilaka,STORE_MANAGER,"",OUT052
manager.out053@waypoint.lk,Bhanuka Rajapaksa,STORE_MANAGER,"",OUT053
manager.out054@waypoint.lk,Oshada Fernando,STORE_MANAGER,"",OUT054
manager.out055@waypoint.lk,Kamindu Mendis,STORE_MANAGER,"",OUT055
manager.out056@waypoint.lk,Minod Bhanuka,STORE_MANAGER,"",OUT056
manager.out057@waypoint.lk,Shehan Jayasuriya,STORE_MANAGER,"",OUT057
manager.out058@waypoint.lk,Milinda Siriwardana,STORE_MANAGER,"",OUT058
manager.out059@waypoint.lk,Isuru Udana,STORE_MANAGER,"",OUT059
manager.out060@waypoint.lk,Akila Dananjaya,STORE_MANAGER,"",OUT060
manager.out061@waypoint.lk,Seekkuge Prasanna,STORE_MANAGER,"",OUT061
manager.out062@waypoint.lk,Sachithra Senanayake,STORE_MANAGER,"",OUT062
manager.out063@waypoint.lk,Suranga Lakmal,STORE_MANAGER,"",OUT063
manager.out064@waypoint.lk,Dhammika Prasad,STORE_MANAGER,"",OUT064
manager.out065@waypoint.lk,Nuwan Zoysa,STORE_MANAGER,"",OUT065
manager.out066@waypoint.lk,Upul Chandana,STORE_MANAGER,"",OUT066
manager.out067@waypoint.lk,Russel Arnold,STORE_MANAGER,"",OUT067
manager.out068@waypoint.lk,Romesh Kaluwitharana,STORE_MANAGER,"",OUT068
manager.out069@waypoint.lk,Hashan Tillakaratne,STORE_MANAGER,"",OUT069
manager.out070@waypoint.lk,Roshan Mahanama,STORE_MANAGER,"",OUT070
manager.out071@waypoint.lk,Asanka Gurusinha,STORE_MANAGER,"",OUT071
manager.out072@waypoint.lk,Ranjith Fernando,STORE_MANAGER,"",OUT072
manager.out073@waypoint.lk,Sidath Wettimuny,STORE_MANAGER,"",OUT073
manager.out074@waypoint.lk,Duleep Mendis,STORE_MANAGER,"",OUT074
manager.out075@waypoint.lk,Roy Dias,STORE_MANAGER,"",OUT075
manager.out076@waypoint.lk,Somachandra de Silva,STORE_MANAGER,"",OUT076
manager.out077@waypoint.lk,Anura Tennekoon,STORE_MANAGER,"",OUT077
manager.out078@waypoint.lk,Michael Tissera,STORE_MANAGER,"",OUT078
manager.out079@waypoint.lk,Bandula Warnapura,STORE_MANAGER,"",OUT079
manager.out080@waypoint.lk,Lalith Kaluperuma,STORE_MANAGER,"",OUT080
manager.out081@waypoint.lk,Rohan Jayasekera,STORE_MANAGER,"",OUT081
manager.out082@waypoint.lk,Mithra Wettimuny,STORE_MANAGER,"",OUT082
manager.out083@waypoint.lk,Sunil Wettimuny,STORE_MANAGER,"",OUT083
manager.out084@waypoint.lk,Jayantha Amerasinghe,STORE_MANAGER,"",OUT084
manager.out085@waypoint.lk,Susil Fernando,STORE_MANAGER,"",OUT085
manager.out086@waypoint.lk,Suresh Perera,STORE_MANAGER,"",OUT086
manager.out087@waypoint.lk,Indika de Saram,STORE_MANAGER,"",OUT087
manager.out088@waypoint.lk,Malinda Warnapura,STORE_MANAGER,"",OUT088
manager.out089@waypoint.lk,Thilina Kandamby,STORE_MANAGER,"",OUT089
manager.out090@waypoint.lk,Jehan Mubarak,STORE_MANAGER,"",OUT090
manager.out091@waypoint.lk,Kaushalya Weeraratne,STORE_MANAGER,"",OUT091
manager.out092@waypoint.lk,Gayan Wijekoon,STORE_MANAGER,"",OUT092
manager.out093@waypoint.lk,Chinthaka Jayasinghe,STORE_MANAGER,"",OUT093
manager.out094@waypoint.lk,Malinga Bandara,STORE_MANAGER,"",OUT094
manager.out095@waypoint.lk,Kaushal Lokuarachchi,STORE_MANAGER,"",OUT095
manager.out096@waypoint.lk,Thilan Thushara,STORE_MANAGER,"",OUT096
manager.out097@waypoint.lk,Chanaka Welegedara,STORE_MANAGER,"",OUT097
manager.out098@waypoint.lk,Shaminda Eranga,STORE_MANAGER,"",OUT098
manager.out099@waypoint.lk,Lahiru Gamage,STORE_MANAGER,"",OUT099
manager.out100@waypoint.lk,Vishwa Fernando,STORE_MANAGER,"",OUT100
manager.out101@waypoint.lk,Kasun Wijesinghe,STORE_MANAGER,"",OUT101
manager.out102@waypoint.lk,Chathura Senanayake,STORE_MANAGER,"",OUT102
manager.out103@waypoint.lk,Sanjeewa Pushpakumara,STORE_MANAGER,"",OUT103
manager.out104@waypoint.lk,Chamara Silva,STORE_MANAGER,"",OUT104
manager.out105@waypoint.lk,Buddhika Fernando,STORE_MANAGER,"",OUT105
manager.out106@waypoint.lk,Gihan Rupasinghe,STORE_MANAGER,"",OUT106
manager.out107@waypoint.lk,Hemantha Boteju,STORE_MANAGER,"",OUT107
manager.out108@waypoint.lk,Janaka Silva,STORE_MANAGER,"",OUT108
manager.out109@waypoint.lk,Kapila Jayampathi,STORE_MANAGER,"",OUT109
manager.out110@waypoint.lk,Lalithamana Fernando,STORE_MANAGER,"",OUT110
manager.out111@waypoint.lk,Manoj Mendis,STORE_MANAGER,"",OUT111
manager.out112@waypoint.lk,Nisal Randika,STORE_MANAGER,"",OUT112
manager.out113@waypoint.lk,Omesh Wijesekera,STORE_MANAGER,"",OUT113
manager.out114@waypoint.lk,Prasanna Jayawardene,STORE_MANAGER,"",OUT114
manager.out115@waypoint.lk,Ravindra Pushpakumara,STORE_MANAGER,"",OUT115
manager.out116@waypoint.lk,Sajeewa de Silva,STORE_MANAGER,"",OUT116
manager.out117@waypoint.lk,Tharanga Paranavitana,STORE_MANAGER,"",OUT117
manager.out118@waypoint.lk,Umesh Karunaratne,STORE_MANAGER,"",OUT118
manager.out119@waypoint.lk,Vimukthi Perera,STORE_MANAGER,"",OUT119
manager.out120@waypoint.lk,Waruna Shantha,STORE_MANAGER,"",OUT120
